{
  "weeks": {
    "2026-W22": {
      "market": {
        "n": 63,
        "brier": 0.08283425396825396
      },
      "other": {
        "n": 356,
        "brier": 0.09650889053370786
      },
      "geopolitics": {
        "n": 37,
        "brier": 0.12906486486486488
      },
      "sports-season": {
        "n": 269,
        "brier": 0.33490751191218043
      }
    }
  }
}