{
  "weeks": {
    "2026-W22": {
      "market": {
        "n": 56,
        "brier": 0.09317603571428572
      },
      "other": {
        "n": 309,
        "brier": 0.10740200650485436
      },
      "geopolitics": {
        "n": 29,
        "brier": 0.15296206896551726
      },
      "sports-season": {
        "n": 117,
        "brier": 0.31574188034188033
      }
    }
  }
}