{
  "weeks": {
    "2026-W22": {
      "market": {
        "n": 63,
        "brier": 0.08283425396825396
      },
      "other": {
        "n": 316,
        "brier": 0.10868898737341773
      },
      "geopolitics": {
        "n": 29,
        "brier": 0.15296206896551726
      },
      "sports-season": {
        "n": 117,
        "brier": 0.31574188034188033
      }
    }
  }
}