{
  "weeks": {
    "2026-W22": {
      "other": {
        "n": 11,
        "brier": 0.1944181818181818
      },
      "market": {
        "n": 1,
        "brier": 0.30250000000000005
      }
    }
  }
}