{
  "weeks": {
    "2026-W22": {
      "other": {
        "n": 58,
        "brier": 0.1022859655172414
      },
      "geopolitics": {
        "n": 29,
        "brier": 0.15296206896551726
      },
      "market": {
        "n": 2,
        "brier": 0.15305000000000002
      }
    }
  }
}