{
  "weeks": {
    "2026-W22": {
      "other": {
        "n": 38,
        "brier": 0.14098865789473683
      },
      "market": {
        "n": 2,
        "brier": 0.15305000000000002
      },
      "geopolitics": {
        "n": 22,
        "brier": 0.19572727272727272
      }
    }
  }
}