{
  "ready": true,
  "evaluated_at": "2026-05-30T12:00:02.179168+00:00",
  "qualifying_categories": [
    {
      "category": "other",
      "n": 58,
      "brier": 0.1022859655172414
    },
    {
      "category": "geopolitics",
      "n": 29,
      "brier": 0.15296206896551726
    }
  ],
  "release_threshold": {
    "brier_lt": 0.2,
    "min_n": 20
  }
}