{
  "ready": true,
  "evaluated_at": "2026-05-30T18:00:01.762408+00:00",
  "qualifying_categories": [
    {
      "category": "other",
      "n": 104,
      "brier": 0.060274663461538466
    },
    {
      "category": "geopolitics",
      "n": 29,
      "brier": 0.15296206896551726
    }
  ],
  "release_threshold": {
    "brier_lt": 0.2,
    "min_n": 20
  }
}