{
  "ready": true,
  "evaluated_at": "2026-05-31T12:00:02.097681+00:00",
  "qualifying_categories": [
    {
      "category": "market",
      "n": 63,
      "brier": 0.08283425396825396
    },
    {
      "category": "other",
      "n": 356,
      "brier": 0.09650889053370786
    },
    {
      "category": "geopolitics",
      "n": 37,
      "brier": 0.12906486486486488
    }
  ],
  "release_threshold": {
    "brier_lt": 0.2,
    "min_n": 20
  }
}