{
  "ready": true,
  "evaluated_at": "2026-05-31T00:00:01.987896+00:00",
  "qualifying_categories": [
    {
      "category": "market",
      "n": 56,
      "brier": 0.09317603571428572
    },
    {
      "category": "other",
      "n": 309,
      "brier": 0.10740200650485436
    },
    {
      "category": "geopolitics",
      "n": 29,
      "brier": 0.15296206896551726
    }
  ],
  "release_threshold": {
    "brier_lt": 0.2,
    "min_n": 20
  }
}