{
  "ready": true,
  "evaluated_at": "2026-05-31T06:00:01.546578+00:00",
  "qualifying_categories": [
    {
      "category": "market",
      "n": 63,
      "brier": 0.08283425396825396
    },
    {
      "category": "other",
      "n": 316,
      "brier": 0.10868898737341773
    },
    {
      "category": "geopolitics",
      "n": 29,
      "brier": 0.15296206896551726
    }
  ],
  "release_threshold": {
    "brier_lt": 0.2,
    "min_n": 20
  }
}